listing_type,id,name,author,author_alias,attribution_link,project_key,project_name,total_downloads,2026_03_11,2026_03_12,2026_03_13,2026_03_14,2026_03_15,2026_03_16,2026_03_17,2026_03_18,2026_03_19,2026_03_20,2026_03_21,2026_03_22,2026_03_23,2026_03_24,2026_03_25,2026_03_26,2026_03_27,2026_03_28,2026_03_29,2026_03_30,2026_03_31,2026_04_01,2026_04_02,2026_04_03,2026_04_04,2026_04_05,2026_04_06,2026_04_07,2026_04_08,2026_04_09,2026_04_10,2026_04_11,2026_04_12,2026_04_13,2026_04_14,2026_04_15,2026_04_16,2026_04_17,2026_04_18
mod,advanced-analytics,Advanced Analytics,stefanorigano,stefanorigano,https://github.com/stefanorigano,stefanorigano/advanced_analytics,advanced_analytics,3897,233,42,63,55,34,41,66,34,32,47,43,40,44,33,47,39,61,65,97,142,157,164,91,84,91,135,249,147,170,166,186,202,162,116,74,74,66,178,127
mod,danield1909-dantrains,"danTrains (v1.* ""Phoenix"")",DanielD1909,DanielD1909,https://github.com/DanielD1909,danield1909/dantrains,danTrains,1212,0,0,0,9,27,23,29,35,31,30,24,28,25,18,22,31,56,31,38,50,47,38,19,34,14,34,39,17,29,55,58,45,47,79,36,36,24,27,27
map,toronto,Toronto,devenperez,devenperez,https://github.com/devenperez,devenperez/subway-builder-canadian-maps,subway-builder-canadian-maps,1110,297,10,19,0,31,4,11,22,14,21,25,15,20,13,16,14,19,18,16,32,30,20,16,14,21,24,16,22,42,40,39,36,41,26,25,28,20,19,14
mod,subwaybuilder-regions,Regions,ahkimn,Yukina-,https://subwaybuildermodded.com/credits,ahkimn/subwaybuilder-regions,subwaybuilder-regions,1075,103,20,24,16,12,13,16,7,15,18,14,17,13,10,22,12,16,18,17,35,22,26,18,19,21,91,83,64,46,26,36,35,48,25,17,24,20,22,14
mod,distance-circles,Station Catchment Viewer,crumpetime,muffintime,https://github.com/crumpetime,crumpetime/subway_builder_distance_circles,subway_builder_distance_circles,1006,0,0,0,6,34,20,27,16,12,25,30,30,30,15,24,20,19,23,39,55,39,36,22,24,35,38,39,27,33,27,26,30,61,29,17,22,26,22,28
mod,transit-overlay,Transit Overlay,BarKuperman,BarKuperman,https://github.com/BarKuperman,barkuperman/transit-overlay-subway-builder-mod,transit-overlay-subway-builder-mod,990,88,13,28,17,14,7,18,6,13,25,24,10,11,11,14,8,14,14,14,35,23,18,21,19,21,27,15,15,27,15,12,50,99,59,45,37,39,38,26
map,greater-los-angeles,Greater Los Angeles,rslurry,slurry,https://github.com/rslurry,rslurry/subwaybuilder-maps,subwaybuilder-maps,912,0,0,0,10,19,12,19,3,9,24,11,8,13,12,13,16,18,17,27,26,16,19,18,23,17,19,17,22,52,31,24,26,42,22,23,26,19,135,104
mod,valdotoriums-trains,Valdotoriums S-Bahn and Trams,Valdotorium,Valdotorium,https://github.com/Valdotorium,valdotorium/valdotoriums_trains,Valdotoriums_Trains,890,0,0,0,0,2,16,19,13,7,29,24,23,35,37,45,30,0,0,2,80,83,21,0,0,0,0,42,8,61,42,49,40,45,31,24,25,19,15,23
map,yukina-osaka,大阪 (Ōsaka),ahkimn,Yukina-,https://subwaybuildermodded.com/credits,ahkimn/subwaybuilder-jp-maps,subwaybuilder-jp-maps,784,0,0,0,0,0,0,0,0,0,0,0,0,1,15,8,21,46,37,35,46,31,35,21,28,19,33,29,20,31,70,57,46,34,34,18,23,16,14,16
map,montreal,Montreal,devenperez,devenperez,https://github.com/devenperez,devenperez/subway-builder-canadian-maps,subway-builder-canadian-maps,763,227,9,15,0,24,4,8,13,9,11,14,7,10,14,15,9,6,9,8,25,21,16,13,10,8,15,15,21,32,34,23,20,28,21,10,13,10,9,7
map,mfn-hong-kong,Hong Kong,crumpetime,muffintime,https://github.com/crumpetime,crumpetime/sb-maps-hkg,sb-maps-hkg,716,74,9,24,21,7,3,4,10,8,9,19,15,12,7,11,12,21,11,19,26,20,19,17,18,18,20,23,10,39,23,22,27,37,22,16,21,13,9,20
mod,citymapper,Citymapper,Gio1112,giorgiodabest,https://giorgio.is-a.dev/,gio1112/subway-builder-citymapper,subway-builder-citymapper,675,0,0,0,0,0,9,15,14,6,19,29,25,22,32,16,31,44,2,0,0,0,0,0,0,0,0,0,0,0,39,79,79,60,45,26,25,16,20,22
map,vancouver,Vancouver,devenperez,devenperez,https://github.com/devenperez,devenperez/subway-builder-canadian-maps,subway-builder-canadian-maps,636,180,8,7,0,18,1,3,5,9,13,13,11,8,9,15,4,6,9,10,25,16,13,20,10,8,10,15,15,30,26,13,14,20,17,8,17,8,5,17
mod,any-money,anyMoney,nzh0172,naz,https://github.com/nzh0172,nzh0172/sb-anymoney,sb-anymoney,608,0,0,0,0,0,0,0,0,1,11,12,4,15,15,11,17,33,29,30,35,45,21,27,19,17,28,19,18,31,12,20,17,30,19,17,13,13,11,18
map,zurich,Zurich,Kronifer,Kronifer,https://github.com/Kronifer,kronifer/sb-zurich-map,sb-zurich-map,606,102,9,9,9,5,5,4,7,5,0,11,7,8,4,7,14,15,11,17,26,23,21,15,12,6,15,13,19,32,21,13,20,29,19,11,23,16,11,12
map,berlin-val,Berlin,Valdotorium,Valdotorium,https://github.com/Valdotorium,valdotorium/railyard-maps-2,Railyard-Maps-2,588,0,0,0,0,0,0,8,14,11,9,10,4,8,3,6,13,14,16,17,35,24,25,12,15,24,17,18,24,39,24,27,23,38,23,17,20,14,18,18
map,jelegend-tokyo,東京 (Tokyo),jelegend,jelegend,https://github.com/jelegend,jelegend/subwaybuilder,subwaybuilder,576,0,0,0,0,0,0,0,0,0,0,0,0,0,0,0,0,0,0,0,0,0,0,0,0,0,0,0,0,0,0,59,51,43,38,26,61,51,131,116
map,amsterdam,Amsterdam,ryandicicco,ryandicicco,https://github.com/ryandicicco,ryandicicco/subway-builder-maps,Subway-Builder-Maps,570,63,8,14,14,16,3,4,7,5,13,10,1,11,5,8,7,10,6,12,40,21,26,14,12,14,15,17,10,37,18,17,17,25,15,7,18,11,12,7
map,barcelona,Barcelona,Maximilian284,max02,https://github.com/Maximilian284,maximilian284/subwaybuilder-es-maps,subwaybuilder-es-maps,548,0,0,0,0,0,0,0,0,0,0,0,0,0,0,0,0,0,0,0,0,0,46,40,25,29,30,16,5,36,31,40,31,72,34,26,25,35,16,11
mod,simple-trains,Simple Trains,Bobby-047,Bobby-047,https://github.com/Bobby-047,bobby-047/some-new-trains,Some-new-Trains,542,0,0,0,0,0,0,0,0,0,0,0,0,0,0,0,0,0,0,0,0,0,0,0,15,54,53,0,0,28,66,62,44,49,33,24,25,26,28,35
map,yukina-kyoto,京都 (Kyōto),ahkimn,Yukina-,https://subwaybuildermodded.com/credits,ahkimn/subwaybuilder-jp-maps,subwaybuilder-jp-maps,536,73,10,7,11,14,14,5,6,5,12,11,8,9,6,9,11,9,6,13,35,15,23,19,13,12,18,20,12,29,16,10,11,18,9,5,13,5,9,5
map,ciudad-de-mexico,Ciudad de México,rslurry,slurry,https://github.com/rslurry,rslurry/subwaybuilder-maps,subwaybuilder-maps,535,0,0,0,0,0,0,0,0,0,0,0,0,0,0,0,0,0,0,0,0,0,0,0,0,0,0,0,67,55,30,101,87,60,29,31,31,18,13,13
map,glasgow-edinburgh,Glasgow-Edinburgh,Kronifer,Kronifer,https://github.com/Kronifer,kronifer/sb-glasgow-edinburgh-map,sb-glasgow-edinburgh-map,493,0,0,0,0,0,0,0,0,0,0,0,0,0,0,0,1,63,38,38,21,29,20,8,21,14,17,12,11,32,20,15,15,29,19,23,19,13,5,10
map,sydney,Sydney,WillBarouch,WillBarouch,https://github.com/WillBarouch,willbarouch/subwaybuilder-sydney,subwaybuilder-sydney,483,0,0,0,0,0,0,0,0,0,0,0,5,21,11,10,20,21,20,17,30,15,18,21,13,8,18,13,11,39,18,20,28,29,16,13,19,7,10,12
map,madrid,Madrid,Maximilian284,max02,https://github.com/Maximilian284,maximilian284/subwaybuilder-es-maps,subwaybuilder-es-maps,472,0,0,0,0,0,0,0,0,0,0,0,0,0,0,0,0,0,0,0,0,0,44,29,25,36,15,11,7,31,24,40,33,57,40,15,18,24,15,8
map,singapore-val,Singapore,Valdotorium,Valdotorium,https://github.com/Valdotorium,valdotorium/railyard-maps-2,Railyard-Maps-2,465,0,0,0,0,0,0,7,8,9,10,11,8,6,10,8,7,18,14,14,24,16,23,11,11,12,20,13,11,37,17,20,27,19,18,7,19,7,15,8
map,los-angeles-county,Los Angeles County,rslurry,slurry,https://github.com/rslurry,rslurry/subwaybuilder-maps,subwaybuilder-maps,451,0,0,0,0,20,4,11,6,8,9,7,7,8,3,5,6,9,8,11,26,11,15,13,6,9,9,6,14,28,13,18,13,25,17,13,9,12,6,66
map,seoul-4,Seoul (40km×40km),kimth9,kimth9,https://github.com/kimth9,kimth9/sb_korean_map_pack,sb_korean_map_pack,415,0,0,0,0,0,0,0,0,0,0,0,0,0,0,0,0,0,0,0,0,0,0,0,0,0,0,0,0,0,0,0,0,0,72,102,72,57,56,56
mod,network-status,Network Status,Valdotorium,Valdotorium,https://github.com/Valdotorium,valdotorium/network-status,network-status,406,0,0,0,0,0,0,0,0,0,0,0,0,0,0,0,0,0,0,0,0,0,0,0,0,0,40,7,0,68,34,36,32,39,32,27,26,22,18,25
map,yukina-fukuoka,福岡 (Fukuoka),ahkimn,Yukina-,https://subwaybuildermodded.com/credits,ahkimn/subwaybuilder-jp-maps,subwaybuilder-jp-maps,362,43,6,4,3,11,9,2,5,3,5,7,1,4,8,7,4,4,4,6,29,8,14,5,7,8,10,7,3,14,8,6,12,16,9,3,6,8,37,16
map,ottawa,Ottawa,devenperez,devenperez,https://github.com/devenperez,devenperez/subway-builder-canadian-maps,subway-builder-canadian-maps,326,122,8,3,0,16,0,3,2,5,1,6,2,6,3,5,2,2,4,3,8,8,14,6,5,2,8,5,15,6,8,10,9,12,4,3,5,1,1,3
map,milan,Milan,Maximilian284,max02,https://github.com/Maximilian284,maximilian284/subwaybuilder-it-maps,subwaybuilder-it-maps,322,0,0,0,0,0,0,0,70,3,2,2,0,6,3,4,10,9,6,4,13,19,17,5,5,9,7,7,8,15,12,18,8,18,7,5,11,5,7,7
mod,cinematic-camera,Cinematic Camera,TransitCore,TransitCore,https://github.com/TransitCore,transitcore/cinematic-camera,cinematic-camera,320,0,0,0,0,0,0,0,0,2,6,4,1,10,13,24,7,20,15,14,26,27,31,34,20,0,1,0,0,4,3,3,4,10,9,11,9,5,5,2
map,yukina-nagoya,名古屋 (Nagoya),ahkimn,Yukina-,https://subwaybuildermodded.com/credits,ahkimn/subwaybuilder-jp-maps,subwaybuilder-jp-maps,317,0,0,0,0,0,0,0,0,0,0,0,0,0,0,0,0,0,22,10,19,14,17,7,11,10,8,5,8,14,41,17,24,19,18,17,21,3,4,8
map,dublin,Dublin,Kronifer,Kronifer,https://github.com/Kronifer,kronifer/sb-dublin-map,sb-dublin-map,304,91,8,14,15,6,2,2,3,7,3,8,6,10,4,7,10,11,11,10,11,20,19,11,9,6,0,0,0,0,0,0,0,0,0,0,0,0,0,0
map,calgary,Calgary,devenperez,devenperez,https://github.com/devenperez,devenperez/subway-builder-canadian-maps,subway-builder-canadian-maps,301,128,6,2,0,16,0,0,3,2,0,2,3,6,3,7,2,2,2,3,11,6,8,5,3,6,3,5,8,11,8,7,10,7,4,6,2,3,1,0
map,rome,Rome,Maximilian284,max02,https://github.com/Maximilian284,maximilian284/subwaybuilder-it-maps,subwaybuilder-it-maps,299,27,6,4,8,7,2,0,3,3,5,6,2,6,3,4,12,6,3,7,14,14,18,4,10,6,6,5,6,17,11,8,11,16,10,4,9,9,4,3
mod,station-dots,Station Dots,nzh0172,naz,https://github.com/nzh0172,nzh0172/sb-station-dots,sb-station-dots,297,0,0,0,0,0,0,0,0,0,0,0,0,0,0,0,0,0,0,0,0,0,0,8,12,10,22,26,24,28,23,22,25,29,18,18,12,10,6,4
map,yukina-hiroshima-kure,広島 (Hiroshima),ahkimn,Yukina-,https://subwaybuildermodded.com/credits,ahkimn/subwaybuilder-jp-maps,subwaybuilder-jp-maps,294,31,6,4,5,10,5,3,5,3,2,3,2,4,6,8,5,6,3,3,16,9,8,3,3,4,19,20,22,13,7,8,11,5,10,3,9,4,6,0
map,edmonton,Edmonton,devenperez,devenperez,https://github.com/devenperez,devenperez/subway-builder-canadian-maps,subway-builder-canadian-maps,275,112,5,3,0,13,2,0,3,2,0,0,2,5,4,5,2,2,2,1,10,2,10,5,5,2,2,6,10,10,10,6,6,8,2,7,6,2,3,0
map,yukina-sapporo-chitose,札幌 (Sapporo),ahkimn,Yukina-,https://subwaybuildermodded.com/credits,ahkimn/subwaybuilder-jp-maps,subwaybuilder-jp-maps,271,40,8,7,6,11,12,3,4,3,0,3,2,4,6,5,3,6,3,5,17,7,7,7,5,6,8,6,5,15,5,7,6,13,8,2,7,2,6,1
map,monterrey,Monterrey,rslurry,slurry,https://github.com/rslurry,rslurry/subwaybuilder-maps,subwaybuilder-maps,265,0,0,0,0,0,0,0,0,0,0,0,0,0,0,0,0,0,0,0,0,0,0,0,0,13,52,32,18,14,5,37,40,21,13,3,8,4,4,1
map,quebec-city,Quebec City,devenperez,devenperez,https://github.com/devenperez,devenperez/subway-builder-canadian-maps,subway-builder-canadian-maps,258,106,4,5,0,13,0,1,3,2,0,0,0,3,5,5,3,0,5,2,7,5,10,5,2,3,4,6,7,8,9,6,6,12,2,4,2,0,0,3
map,rotterdam-the-hague,Rotterdam-The Hague,ryandicicco,ryandicicco,https://github.com/ryandicicco,ryandicicco/subway-builder-maps,Subway-Builder-Maps,252,0,0,9,11,8,3,2,0,2,0,1,0,5,0,3,4,4,3,1,14,6,11,4,4,3,4,4,2,16,5,6,34,26,16,6,15,8,6,6
map,guadalajara,Guadalajara,rslurry,slurry,https://github.com/rslurry,rslurry/subwaybuilder-maps,subwaybuilder-maps,245,0,0,0,0,0,0,0,0,0,0,0,0,0,0,0,0,0,0,0,0,0,0,0,0,0,0,28,29,18,34,46,39,20,10,7,5,2,6,1
map,puerto-rico,Puerto Rico,rslurry,slurry,https://github.com/rslurry,rslurry/subwaybuilder-maps,subwaybuilder-maps,233,0,0,0,0,0,0,0,0,0,0,10,1,10,2,8,10,5,4,4,16,8,19,7,5,5,11,10,6,17,8,12,10,10,12,6,6,5,4,2
map,yukina-okinawa,沖縄 (Okinawa),ahkimn,Yukina-,https://subwaybuildermodded.com/credits,ahkimn/subwaybuilder-jp-maps,subwaybuilder-jp-maps,231,36,5,7,3,10,1,2,3,2,0,1,3,3,5,4,3,2,4,11,15,5,14,7,2,6,8,1,6,11,7,8,3,12,6,10,1,1,2,1
map,baltimore-dc-corridor,Baltimore-DC Corridor,rslurry,slurry,https://github.com/rslurry,rslurry/subwaybuilder-maps,subwaybuilder-maps,230,0,0,0,0,0,0,0,0,0,0,6,2,11,4,2,10,9,4,2,13,6,14,13,11,8,11,8,7,13,13,3,7,20,6,7,3,4,9,4
map,winnipeg,Winnipeg,devenperez,devenperez,https://github.com/devenperez,devenperez/subway-builder-canadian-maps,subway-builder-canadian-maps,228,106,4,2,0,8,0,0,3,3,0,2,3,5,2,2,5,2,0,1,5,3,7,4,3,2,3,2,9,6,9,4,5,6,3,3,2,2,0,2
map,mfn-lasvegas,Las Vegas,crumpetime,muffintime,https://github.com/crumpetime,crumpetime/sb-maps-las,sb-maps-las,205,0,0,0,0,0,0,0,0,0,0,0,0,0,7,8,15,7,5,3,7,7,16,6,5,3,6,3,6,15,7,12,10,16,4,11,9,5,4,8
map,warsaw-val,Warsaw,Valdotorium,Valdotorium,https://github.com/Valdotorium,valdotorium/railyard-maps-2,Railyard-Maps-2,205,0,0,0,0,0,0,5,4,7,2,3,2,3,2,3,5,5,4,6,17,10,14,7,3,2,10,3,1,19,2,7,12,16,9,5,8,4,3,2
map,yukina-kobe-akashi,神戸 (Kōbe),ahkimn,Yukina-,https://subwaybuildermodded.com/credits,ahkimn/subwaybuilder-jp-maps,subwaybuilder-jp-maps,205,32,3,4,4,10,4,3,5,2,2,4,0,2,2,4,2,3,5,7,11,6,7,8,4,7,6,4,3,14,3,5,2,12,7,3,5,0,0,0
map,busan-4,Busan (40km×40km),kimth9,kimth9,https://github.com/kimth9,kimth9/sb_korean_map_pack,sb_korean_map_pack,199,0,0,0,0,0,0,0,0,0,0,0,0,0,0,0,0,0,0,0,0,0,0,0,0,0,0,0,0,0,0,0,0,0,47,55,37,19,17,24
map,tel-aviv,Tel Aviv,BarKuperman,BarKuperman,https://github.com/BarKuperman,barkuperman/tlv-mod,TLV-mod,196,43,3,6,7,1,0,2,3,4,0,5,2,6,0,6,5,3,1,2,13,3,8,4,2,4,5,5,1,8,6,3,6,16,3,2,4,1,1,2
map,cairo,Cairo,ryandicicco,ryandicicco,https://github.com/ryandicicco,ryandicicco/subway-builder-maps,Subway-Builder-Maps,194,0,0,0,0,0,0,0,0,0,0,0,0,0,0,20,5,8,5,4,10,5,12,3,1,4,5,1,3,12,7,24,26,19,5,5,1,2,3,4
map,mfn-madisonwi,Madison,crumpetime,muffintime,https://github.com/crumpetime,crumpetime/sb-maps-msn,sb-maps-msn,186,0,0,0,3,11,9,8,6,7,3,11,10,5,1,7,4,5,5,3,6,5,3,8,3,1,3,3,2,9,2,6,5,6,8,2,4,6,2,4
map,seoul-3,Seoul (30km×30km),kimth9,kimth9,https://github.com/kimth9,kimth9/sb_korean_map_pack,sb_korean_map_pack,176,0,0,0,0,0,0,0,0,0,0,0,0,0,0,0,0,0,0,0,0,0,0,0,0,0,0,0,0,0,0,0,0,0,40,27,28,43,24,14
map,valencia,Valencia,Maximilian284,max02,https://github.com/Maximilian284,maximilian284/subwaybuilder-es-maps,subwaybuilder-es-maps,176,0,0,0,0,0,0,0,0,0,0,0,0,0,0,0,0,0,0,0,0,0,26,9,5,5,6,2,1,16,10,15,14,20,18,6,7,7,8,1
map,bilbao,Bilbao,Maximilian284,max02,https://github.com/Maximilian284,maximilian284/subwaybuilder-es-maps,subwaybuilder-es-maps,173,0,0,0,0,0,0,0,0,0,0,0,0,0,0,0,0,0,0,0,0,0,21,12,9,6,6,4,1,12,9,14,14,21,13,7,8,8,6,2
map,greater-kuala-lumpur,Greater Kuala Lumpur,nzh0172,naz,https://github.com/nzh0172,nzh0172/sb-malaysia-map-pack,sb-malaysia-map-pack,171,0,0,0,0,0,0,0,0,7,6,5,6,9,1,8,3,6,5,5,5,2,10,5,4,3,8,3,1,15,6,6,6,11,6,3,3,1,6,6
map,yukina-kitakyushu-shimonoseki,北九州 (Kitakyūshū),ahkimn,Yukina-,https://subwaybuildermodded.com/credits,ahkimn/subwaybuilder-jp-maps,subwaybuilder-jp-maps,170,27,5,4,3,10,7,1,3,1,0,3,1,2,1,2,3,1,4,3,7,4,11,1,2,4,2,5,3,9,2,5,3,7,5,2,1,1,11,4
map,tampa-bay,Tampa Bay,rslurry,slurry,https://github.com/rslurry,rslurry/subwaybuilder-maps,subwaybuilder-maps,169,14,3,2,5,3,3,5,3,4,3,6,1,5,3,2,0,2,0,2,8,5,8,5,5,6,5,2,5,11,5,8,4,6,6,6,2,3,2,1
map,yukina-sendai,仙台 (Sendai),ahkimn,Yukina-,https://subwaybuildermodded.com/credits,ahkimn/subwaybuilder-jp-maps,subwaybuilder-jp-maps,161,27,6,4,3,15,2,0,2,1,0,3,0,2,1,3,4,3,1,5,11,4,4,4,6,2,10,3,3,5,3,5,2,6,6,2,2,1,0,0
map,greatertwincities,Greater Twin Cities,DanielD1909,DanielD1909,https://github.com/DanielD1909,danield1909/improvedtwincities,improvedTwinCities,158,0,0,0,0,10,8,8,5,5,5,8,7,7,5,4,5,4,2,2,7,4,7,2,1,1,1,3,1,12,6,7,2,7,3,1,2,2,3,1
map,jerusalem,Jerusalem,BarKuperman,BarKuperman,https://github.com/BarKuperman,barkuperman/jerusalem-sb-map,jerusalem-sb-map,154,20,3,4,6,3,2,2,5,2,0,5,2,5,1,4,5,4,1,0,7,1,8,3,1,1,3,3,0,3,6,6,0,17,6,8,2,3,2,0
mod,game-speedup,Game SpeedUp,Valdotorium,Valdotorium,https://github.com/Valdotorium,valdotorium/speed-mod,speed-mod,153,0,0,0,0,0,0,0,0,0,0,0,0,0,0,0,0,0,0,0,0,0,0,0,0,0,0,0,0,0,0,0,0,12,30,20,27,21,17,26
map,bangkok,Bangkok,nzh0172,naz,https://github.com/nzh0172,nzh0172/sb-bangkok,sb-bangkok,147,0,0,0,0,0,0,0,0,0,0,0,0,0,0,0,0,0,0,0,0,0,0,0,0,0,20,25,14,8,10,7,15,10,7,6,11,6,6,2
map,waterloo,Region of Waterloo,Kronifer,Kronifer,https://github.com/Kronifer,kronifer/sb-waterloo-map,sb-waterloo-map,146,33,3,10,6,5,1,3,3,6,2,9,2,9,1,6,7,3,3,2,8,4,11,2,1,6,0,0,0,0,0,0,0,0,0,0,0,0,0,0
map,bucharest-medium,Bucharest,metatablestudios,metatablestudios,https://github.com/metatablestudios,metatablestudios/subwaybuilder-romania,subwaybuilder-romania,132,0,0,0,0,0,0,0,0,0,0,0,0,0,0,0,0,0,0,0,0,0,22,15,19,15,16,9,1,13,8,14,0,0,0,0,0,0,0,0
map,incheon-4,Incheon (40km×40km),kimth9,kimth9,https://github.com/kimth9,kimth9/sb_korean_map_pack,sb_korean_map_pack,127,0,0,0,0,0,0,0,0,0,0,0,0,0,0,0,0,0,0,0,0,0,0,0,0,0,0,0,0,0,0,0,0,0,32,24,20,21,14,16
map,naples,Naples,Maximilian284,max02,https://github.com/Maximilian284,maximilian284/subwaybuilder-it-maps,subwaybuilder-it-maps,122,0,0,0,0,0,0,0,23,3,0,1,2,2,2,2,7,3,1,3,6,2,8,1,2,2,2,3,2,6,4,8,4,4,3,8,7,0,0,1
map,yukina-matsuyama,松山 (Matsuyama),ahkimn,Yukina-,https://subwaybuildermodded.com/credits,ahkimn/subwaybuilder-jp-maps,subwaybuilder-jp-maps,122,20,4,3,5,9,1,0,0,5,0,0,2,20,1,4,1,1,1,3,5,3,6,1,0,2,7,0,4,2,2,0,1,3,4,0,0,0,1,1
map,yukina-hakodate,函館 (Hakodate),ahkimn,Yukina-,https://subwaybuildermodded.com/credits,ahkimn/subwaybuilder-jp-maps,subwaybuilder-jp-maps,120,0,0,0,0,5,7,2,2,2,1,2,1,2,3,1,4,3,2,6,9,2,5,3,1,1,1,13,4,6,0,3,3,3,4,1,2,2,13,1
map,orlando,Orlando,rslurry,slurry,https://github.com/rslurry,rslurry/subwaybuilder-maps,subwaybuilder-maps,119,0,0,0,0,0,0,0,0,0,0,0,2,6,1,2,4,3,0,1,6,4,10,5,2,5,8,6,1,13,4,4,7,4,4,4,3,2,5,3
map,providence,Providence,soccerjonj,soccerjonj,https://github.com/soccerjonj,soccerjonj/providence,Providence,119,11,2,3,6,7,1,2,2,3,3,5,5,6,0,6,2,2,2,1,3,2,6,1,1,1,2,4,1,6,3,3,2,5,3,1,0,2,2,2
map,albany,Albany,soccerjonj,soccerjonj,https://github.com/soccerjonj,soccerjonj/albany,Albany,117,0,0,0,0,0,0,0,6,10,2,10,4,7,2,3,3,4,0,0,2,4,5,2,1,4,3,4,2,3,8,6,5,6,6,0,0,1,3,1
map,mfn-hamptonroads,Norfolk,crumpetime,muffintime,https://github.com/crumpetime,crumpetime/sb-maps-orf,sb-maps-orf,113,0,0,2,11,9,4,4,6,3,2,9,6,7,3,4,4,5,0,0,6,5,3,3,4,5,2,3,3,0,0,0,0,0,0,0,0,0,0,0
map,san-juan,San Juan,rslurry,slurry,https://github.com/rslurry,rslurry/subwaybuilder-maps,subwaybuilder-maps,111,0,0,0,0,0,0,0,0,0,0,7,4,4,4,1,2,3,1,5,5,2,3,4,2,2,4,2,5,13,6,8,4,4,4,6,5,0,0,1
map,yukina-kagoshima-kirishima,鹿児島 (Kagoshima),ahkimn,Yukina-,https://subwaybuildermodded.com/credits,ahkimn/subwaybuilder-jp-maps,subwaybuilder-jp-maps,110,21,5,3,3,9,4,1,3,1,0,1,0,2,1,1,2,2,1,3,5,4,5,3,1,3,3,2,5,3,0,3,2,4,0,1,3,0,0,0
map,florence,Florence,Maximilian284,max02,https://github.com/Maximilian284,maximilian284/subwaybuilder-it-maps,subwaybuilder-it-maps,107,8,4,0,6,4,0,0,0,2,0,5,0,1,1,2,5,2,0,3,4,2,5,1,2,1,4,2,4,9,3,5,3,5,2,3,4,3,1,1
map,colorado-ski-country,Colorado Ski Country,soccerjonj,soccerjonj,https://github.com/soccerjonj,soccerjonj/colorado-ski-country,Colorado-Ski-Country,105,19,2,2,7,1,0,3,5,2,0,7,3,6,0,4,2,3,0,3,2,2,6,0,2,0,4,1,0,3,1,6,0,2,6,0,0,0,1,0
map,orange-county,Orange County,rslurry,slurry,https://github.com/rslurry,rslurry/subwaybuilder-maps,subwaybuilder-maps,105,15,6,4,7,8,1,0,2,1,0,1,2,1,0,1,1,1,0,0,5,1,6,1,3,1,3,0,4,4,1,2,2,6,2,1,3,2,1,6
map,richmond,Richmond,rslurry,slurry,https://github.com/rslurry,rslurry/subwaybuilder-maps,subwaybuilder-maps,105,17,1,3,4,4,2,2,3,1,0,4,2,2,1,2,0,1,0,2,5,2,4,1,2,1,2,4,3,5,4,5,0,6,1,1,2,2,2,2
map,yukina-niigata,新潟 (Niigata),ahkimn,Yukina-,https://subwaybuildermodded.com/credits,ahkimn/subwaybuilder-jp-maps,subwaybuilder-jp-maps,105,29,5,3,3,9,1,0,0,0,0,0,0,0,0,0,2,3,2,2,4,3,5,2,1,4,1,4,2,5,1,3,2,3,4,1,0,1,0,0
map,nashville,Nashville,soccerjonj,soccerjonj,https://github.com/soccerjonj,soccerjonj/nashville,Nashville,104,8,1,0,0,0,0,5,5,2,0,5,2,6,0,3,4,2,2,2,3,2,4,3,1,0,1,3,0,6,4,6,3,6,1,3,4,4,1,2
map,trondheim-val,Trondheim,Valdotorium,Valdotorium,https://github.com/Valdotorium,valdotorium/railyard-maps-2,Railyard-Maps-2,104,0,0,0,0,0,0,4,0,4,0,1,0,2,1,3,3,2,0,6,13,1,7,4,1,5,4,3,0,7,1,3,3,8,4,3,5,4,1,1
map,sacramento,Sacramento,soccerjonj,soccerjonj,https://github.com/soccerjonj,soccerjonj/sacramento,Sacramento,102,10,3,1,7,1,0,2,4,2,0,4,3,5,1,3,4,3,0,1,4,1,2,6,1,0,3,5,0,4,3,4,4,3,0,0,5,3,0,0
map,spokane,Spokane,ryandicicco,ryandicicco,https://github.com/ryandicicco,ryandicicco/subway-builder-maps,Subway-Builder-Maps,102,0,0,0,0,0,0,0,0,0,0,0,0,0,0,0,0,0,7,12,11,2,8,3,2,2,1,2,7,6,2,4,7,8,5,5,4,1,0,3
map,yukina-kochi,高知 (Kōchi),ahkimn,Yukina-,https://subwaybuildermodded.com/credits,ahkimn/subwaybuilder-jp-maps,subwaybuilder-jp-maps,100,19,3,4,3,10,2,0,0,5,0,0,0,2,2,2,1,3,1,5,3,2,5,1,1,3,1,1,3,7,0,3,1,4,0,1,0,0,2,0
map,yukina-yamagata,山形 (Yamagata),ahkimn,Yukina-,https://subwaybuildermodded.com/credits,ahkimn/subwaybuilder-jp-maps,subwaybuilder-jp-maps,98,21,6,4,3,11,1,0,0,2,0,0,0,1,0,2,1,2,1,5,4,2,4,1,1,4,2,2,3,3,3,2,1,4,0,0,0,0,0,2
map,bologna,Bologna,Maximilian284,max02,https://github.com/Maximilian284,maximilian284/subwaybuilder-it-maps,subwaybuilder-it-maps,89,11,3,1,5,4,0,0,0,0,0,1,0,0,0,1,4,3,0,1,7,2,9,0,2,1,2,3,4,4,3,2,3,4,1,5,3,0,0,0
map,genoa,Genoa,Maximilian284,max02,https://github.com/Maximilian284,maximilian284/subwaybuilder-it-maps,subwaybuilder-it-maps,89,0,0,0,0,0,0,0,24,2,0,0,0,0,0,2,2,1,1,2,4,2,6,1,2,1,2,1,3,6,2,3,1,3,6,5,3,1,1,2
map,jacksonville,Jacksonville,rslurry,slurry,https://github.com/rslurry,rslurry/subwaybuilder-maps,subwaybuilder-maps,89,18,3,0,5,3,1,1,2,3,0,2,0,2,1,1,0,3,0,0,3,1,2,4,2,1,1,1,4,2,4,5,5,2,2,3,1,0,1,0
map,louisville,Louisville,soccerjonj,soccerjonj,https://github.com/soccerjonj,soccerjonj/louisville,Louisville,88,16,1,2,5,1,0,2,3,2,3,4,2,6,1,3,2,2,1,2,1,2,3,2,1,1,2,2,0,1,2,5,1,3,0,3,0,0,1,0
map,turin,Turin,Maximilian284,max02,https://github.com/Maximilian284,maximilian284/subwaybuilder-it-maps,subwaybuilder-it-maps,88,6,3,1,2,2,1,0,1,2,0,2,0,1,1,1,5,3,2,1,6,4,5,0,2,2,1,2,2,5,5,3,2,5,4,2,3,1,0,0
map,yukina-nagasaki,長崎 (Nagasaki),ahkimn,Yukina-,https://subwaybuildermodded.com/credits,ahkimn/subwaybuilder-jp-maps,subwaybuilder-jp-maps,88,0,0,0,0,5,8,1,1,2,0,3,1,1,3,1,3,0,1,6,5,2,6,3,1,3,2,9,4,2,1,4,2,2,3,1,0,0,0,2
map,oklahoma-city,Oklahoma City,ryandicicco,ryandicicco,https://github.com/ryandicicco,ryandicicco/subway-builder-maps,Subway-Builder-Maps,87,0,0,0,0,0,0,0,0,0,0,0,0,0,0,0,0,0,0,0,0,0,8,8,2,5,2,3,4,2,3,0,13,13,8,4,7,1,3,1
map,rochester,Rochester,rslurry,slurry,https://github.com/rslurry,rslurry/subwaybuilder-maps,subwaybuilder-maps,84,13,3,1,6,3,1,1,3,2,0,3,3,1,0,2,0,4,0,2,2,1,2,2,2,1,1,0,7,1,1,3,1,4,2,3,1,1,0,1
map,bari,Bari,Maximilian284,max02,https://github.com/Maximilian284,maximilian284/subwaybuilder-it-maps,subwaybuilder-it-maps,83,0,0,0,0,0,0,0,37,2,0,0,0,0,0,0,1,1,1,3,4,3,7,1,2,1,1,1,1,3,2,3,0,3,1,2,2,0,1,0
map,mfn-northwestar,Northwest Arkansas,crumpetime,muffintime,https://github.com/crumpetime,crumpetime/sb-maps-xna,sb-maps-xna,82,3,4,4,9,3,4,2,2,2,0,2,4,4,1,4,2,2,0,0,3,0,5,3,2,1,1,2,1,2,1,2,1,2,1,1,1,0,0,1
map,daytonatti,Daytonatti,soccerjonj,soccerjonj,https://github.com/soccerjonj,soccerjonj/daytonnati,Daytonnati,79,0,0,0,0,0,0,0,0,0,0,0,0,0,0,0,0,0,0,0,0,0,0,0,7,5,7,7,4,3,3,5,1,7,12,6,4,2,3,3
map,sejong-4,Sejong (40km×40km),kimth9,kimth9,https://github.com/kimth9,kimth9/sb_korean_map_pack,sb_korean_map_pack,78,0,0,0,0,0,0,0,0,0,0,0,0,0,0,0,0,0,0,0,0,0,0,0,0,0,0,0,0,0,0,0,0,0,25,14,18,5,5,11
map,greater-baltimore,Greater Baltimore,rslurry,slurry,https://github.com/rslurry,rslurry/subwaybuilder-maps,subwaybuilder-maps,77,9,2,0,7,4,0,4,0,2,2,2,1,3,0,2,0,1,1,2,3,0,5,2,1,1,2,1,0,5,5,1,0,5,2,0,0,2,0,0
map,pianura-veneta,Pianura Veneta,Maximilian284,max02,https://github.com/Maximilian284,maximilian284/subwaybuilder-it-maps,subwaybuilder-it-maps,75,0,0,0,0,0,0,0,0,0,0,0,0,0,2,4,5,4,3,3,5,2,9,2,1,1,3,3,1,7,1,4,4,4,2,0,3,0,0,2
map,memphis,Memphis,rslurry,slurry,https://github.com/rslurry,rslurry/subwaybuilder-maps,subwaybuilder-maps,74,8,2,0,6,5,0,0,1,1,0,0,1,1,0,0,0,1,0,2,4,1,2,3,3,2,1,1,4,4,1,4,1,8,1,4,0,0,1,1
map,santa-barbara,Santa Barbara,rslurry,slurry,https://github.com/rslurry,rslurry/subwaybuilder-maps,subwaybuilder-maps,73,0,0,5,6,4,0,0,0,1,1,2,0,2,0,1,2,1,0,2,5,3,2,2,3,3,2,2,0,3,0,4,4,8,0,1,2,1,1,0
map,jeju-3,Jeju (30km×30km),kimth9,kimth9,https://github.com/kimth9,kimth9/sb_korean_map_pack,sb_korean_map_pack,72,0,0,0,0,0,0,0,0,0,0,0,0,0,0,0,0,0,0,0,0,0,0,0,0,0,0,0,0,0,0,0,0,0,38,11,9,5,3,6
map,garda-lake,Garda Lake,Maximilian284,max02,https://github.com/Maximilian284,maximilian284/subwaybuilder-it-maps,subwaybuilder-it-maps,68,0,0,0,0,0,0,0,8,5,0,1,0,0,0,2,3,1,0,2,4,2,5,1,1,2,2,3,0,5,1,3,2,3,0,4,2,3,0,3
map,piedmont-triad,Piedmont Triad,PSWBSF,Potato Spaghetti Water Balloon Space Federation,https://youtu.be/dQw4w9WgXcQ?t=0,pswbsf/piedmont-triad,piedmont-triad,67,0,0,0,0,0,0,0,0,0,0,0,0,0,0,0,0,0,8,5,8,1,8,4,1,0,0,2,0,2,3,7,0,8,2,4,0,1,2,1
map,catania,Catania,Maximilian284,max02,https://github.com/Maximilian284,maximilian284/subwaybuilder-it-maps,subwaybuilder-it-maps,66,0,0,0,0,0,0,0,24,3,0,0,0,0,0,0,1,0,0,1,4,2,8,1,2,1,3,1,0,2,1,2,0,2,3,2,2,0,0,1
map,daegu-3,Daegu (30km×30km),kimth9,kimth9,https://github.com/kimth9,kimth9/sb_korean_map_pack,sb_korean_map_pack,66,0,0,0,0,0,0,0,0,0,0,0,0,0,0,0,0,0,0,0,0,0,0,0,0,0,0,0,0,0,0,0,0,0,16,11,10,15,5,9
map,yukina-nakaumi,中海 (Nakaumi),ahkimn,Yukina-,https://subwaybuildermodded.com/credits,ahkimn/subwaybuilder-jp-maps,subwaybuilder-jp-maps,66,0,0,0,0,5,5,2,2,2,0,2,0,1,1,1,1,0,1,3,2,2,9,2,1,1,3,0,2,2,0,1,2,2,0,1,0,2,8,0
map,south-florida,South Florida,kaicardenas0618,kAI,https://github.com/kronifer,kaicardenas0618/subway-builder-sfl,subway-builder-sfl,65,0,0,0,0,0,0,0,0,0,0,0,0,0,0,0,0,0,0,0,0,0,0,0,0,0,12,11,6,7,4,8,6,4,4,0,0,2,0,1
map,busan-3,Busan (30km×30km),kimth9,kimth9,https://github.com/kimth9,kimth9/sb_korean_map_pack,sb_korean_map_pack,62,0,0,0,0,0,0,0,0,0,0,0,0,0,0,0,0,0,0,0,0,0,0,0,0,0,0,0,0,0,0,0,0,0,2,23,12,15,4,6
map,ulsan-4,Ulsan (40km×40km),kimth9,kimth9,https://github.com/kimth9,kimth9/sb_korean_map_pack,sb_korean_map_pack,61,0,0,0,0,0,0,0,0,0,0,0,0,0,0,0,0,0,0,0,0,0,0,0,0,0,0,0,0,0,0,0,0,0,18,11,14,4,3,11
map,knoxville,Knoxville,rslurry,slurry,https://github.com/rslurry,rslurry/subwaybuilder-maps,subwaybuilder-maps,60,9,2,0,5,4,0,0,0,0,0,0,0,0,0,1,0,1,0,0,2,0,10,7,1,5,7,2,4,0,0,0,0,0,0,0,0,0,0,0
map,jeju-f,Jeju (Full Island),kimth9,kimth9,https://github.com/kimth9,kimth9/sb_korean_map_pack,sb_korean_map_pack,59,0,0,0,0,0,0,0,0,0,0,0,0,0,0,0,0,0,0,0,0,0,0,0,0,0,0,0,0,0,0,0,0,0,19,13,16,5,2,4
map,anchorage-ak,Anchorage,PSWBSF,Potato Spaghetti Water Balloon Space Federation,https://youtu.be/dQw4w9WgXcQ?t=0,pswbsf/anchorage-ak,anchorage-ak,58,0,0,0,0,0,0,0,0,0,0,0,0,0,0,0,0,0,0,0,0,0,0,0,0,7,14,8,1,6,7,11,0,0,0,0,0,0,2,2
map,palermo,Palermo,Maximilian284,max02,https://github.com/Maximilian284,maximilian284/subwaybuilder-it-maps,subwaybuilder-it-maps,58,5,2,1,4,3,0,0,0,2,0,0,0,0,0,0,1,3,1,0,4,3,4,0,2,2,1,3,1,5,2,2,0,3,1,1,1,1,0,0
map,wilmington-nc,"Wilmington, NC",PSWBSF,Potato Spaghetti Water Balloon Space Federation,https://youtu.be/dQw4w9WgXcQ?t=0,pswbsf/wilmington-nc,wilmington-nc,56,0,0,0,0,0,0,0,0,0,0,0,0,0,0,0,0,0,0,0,0,8,7,3,5,1,0,3,0,3,2,4,5,4,2,4,3,0,2,0
map,charleston-huntington-wv,Charleston-Huntington,PSWBSF,Potato Spaghetti Water Balloon Space Federation,https://youtu.be/dQw4w9WgXcQ?t=0,pswbsf/charleston-huntington-wv,charleston-huntington-wv,55,0,0,0,0,0,0,0,0,0,0,0,0,0,0,0,0,0,0,0,0,0,0,0,0,0,0,0,1,0,2,2,0,0,15,13,6,6,7,3
map,san-antonio,San Antonio,rslurry,slurry,https://github.com/rslurry,rslurry/subwaybuilder-maps,subwaybuilder-maps,55,0,0,0,0,0,0,0,0,0,0,0,0,0,0,0,2,0,0,0,2,1,3,3,4,4,2,2,2,6,1,4,3,8,1,0,1,2,2,2
map,yukina-toyama,富山 (Toyama),ahkimn,Yukina-,https://subwaybuildermodded.com/credits,ahkimn/subwaybuilder-jp-maps,subwaybuilder-jp-maps,53,0,0,0,0,5,5,2,3,2,1,2,0,1,1,2,1,1,1,3,4,1,4,2,0,1,1,0,3,3,0,0,1,3,0,0,0,0,0,0
map,charleston-sc,"Charleston, SC",PSWBSF,Potato Spaghetti Water Balloon Space Federation,https://youtu.be/dQw4w9WgXcQ?t=0,pswbsf/charleston-sc,charleston-sc,52,0,0,0,0,0,0,0,0,0,0,0,0,0,0,0,0,0,0,0,0,0,0,0,0,0,0,0,0,0,10,27,0,0,15,0,0,0,0,0
map,daegu-4,Daegu (40km×40km),kimth9,kimth9,https://github.com/kimth9,kimth9/sb_korean_map_pack,sb_korean_map_pack,51,0,0,0,0,0,0,0,0,0,0,0,0,0,0,0,0,0,0,0,0,0,0,0,0,0,0,0,0,0,0,0,0,0,19,13,12,0,2,5
map,pyongyang-nk,Pyongyang,PSWBSF,Potato Spaghetti Water Balloon Space Federation,https://youtu.be/dQw4w9WgXcQ?t=0,pswbsf/pyongyang-nk,pyongyang-nk,50,0,0,0,0,0,0,0,0,0,0,0,0,0,0,0,0,0,0,0,0,0,0,0,0,0,5,8,2,4,3,9,0,0,0,1,12,2,3,1
map,yukina-takamatsu,高松 (Takamatsu),ahkimn,Yukina-,https://subwaybuildermodded.com/credits,ahkimn/subwaybuilder-jp-maps,subwaybuilder-jp-maps,47,0,0,0,0,5,2,0,0,2,0,0,0,0,0,4,2,0,1,2,2,1,3,1,0,3,2,3,4,2,0,0,1,2,4,0,0,0,1,0
map,incheon-3,Incheon (30km×30km),kimth9,kimth9,https://github.com/kimth9,kimth9/sb_korean_map_pack,sb_korean_map_pack,46,0,0,0,0,0,0,0,0,0,0,0,0,0,0,0,0,0,0,0,0,0,0,0,0,0,0,0,0,0,0,0,0,0,10,9,13,5,4,5
map,sejong-3,Sejong (30km×30km),kimth9,kimth9,https://github.com/kimth9,kimth9/sb_korean_map_pack,sb_korean_map_pack,45,0,0,0,0,0,0,0,0,0,0,0,0,0,0,0,0,0,0,0,0,0,0,0,0,0,0,0,0,0,0,0,0,0,14,9,8,4,3,7
map,yukina-okayama,岡山 (Okayama),ahkimn,Yukina-,https://subwaybuildermodded.com/credits,ahkimn/subwaybuilder-jp-maps,subwaybuilder-jp-maps,39,0,0,0,0,0,0,0,0,0,0,0,0,1,2,2,5,1,1,2,2,0,2,2,0,2,2,0,0,3,0,2,2,1,2,2,0,2,1,0
map,yukina-shizuoka-hamamatsu,静岡・浜松 (Shizuoka/Hamamatsu),ahkimn,Yukina-,https://subwaybuildermodded.com/credits,ahkimn/subwaybuilder-jp-maps,subwaybuilder-jp-maps,39,0,0,0,0,0,0,0,0,0,0,0,0,0,0,0,0,0,0,0,0,0,0,0,0,0,8,8,5,1,3,1,2,3,3,3,0,0,2,0
map,dayton-oh,Dayton,PSWBSF,Potato Spaghetti Water Balloon Space Federation,https://youtu.be/dQw4w9WgXcQ?t=0,pswbsf/dayton-oh,dayton-oh,38,0,0,0,0,0,0,0,0,0,0,0,0,0,0,0,0,0,0,0,0,4,8,4,3,3,3,4,2,1,0,1,0,2,1,0,0,0,2,0
map,riviera-romagnola,Riviera Romagnola,Maximilian284,max02,https://github.com/Maximilian284,maximilian284/subwaybuilder-it-maps,subwaybuilder-it-maps,38,0,0,0,0,0,0,0,5,2,0,0,0,0,0,0,1,0,1,0,5,1,5,1,1,2,3,1,0,2,0,0,0,2,0,3,1,1,0,1
map,yukina-asahikawa,旭川 (Asahikawa),ahkimn,Yukina-,https://subwaybuildermodded.com/credits,ahkimn/subwaybuilder-jp-maps,subwaybuilder-jp-maps,38,0,0,0,0,0,0,0,0,0,0,0,0,0,0,0,0,0,0,0,0,0,0,0,0,0,5,5,8,0,2,3,2,1,1,1,0,1,9,0
map,pianura-emiliana,Pianura Emiliana,Maximilian284,max02,https://github.com/Maximilian284,maximilian284/subwaybuilder-it-maps,subwaybuilder-it-maps,36,0,0,0,0,0,0,0,0,0,0,0,0,0,2,3,6,1,0,2,3,0,3,1,0,2,1,1,1,5,1,1,0,1,1,0,1,0,0,0
map,daejeon-4,Daejeon (40km×40km),kimth9,kimth9,https://github.com/kimth9,kimth9/sb_korean_map_pack,sb_korean_map_pack,35,0,0,0,0,0,0,0,0,0,0,0,0,0,0,0,0,0,0,0,0,0,0,0,0,0,0,0,0,0,0,0,0,0,15,6,9,0,0,5
map,puebla,Puebla,rslurry,slurry,https://github.com/rslurry,rslurry/subwaybuilder-maps,subwaybuilder-maps,33,0,0,0,0,0,0,0,0,0,0,0,0,0,0,0,0,0,0,0,0,0,0,0,0,0,0,0,0,0,0,0,16,8,1,3,2,0,2,1
map,willamette-valley,"Willamette Valley, OR",Phineapoo,Phineapoo,https://github.com/Phineapoo,phineapoo/willamette-valley-or,Willamette-Valley-OR,33,0,0,0,0,0,0,0,0,0,0,0,0,0,0,0,0,0,0,0,0,0,0,0,0,0,0,0,0,0,0,0,0,0,3,11,5,4,5,5
map,gwangju-4,Gwangju (40km×40km),kimth9,kimth9,https://github.com/kimth9,kimth9/sb_korean_map_pack,sb_korean_map_pack,32,0,0,0,0,0,0,0,0,0,0,0,0,0,0,0,0,0,0,0,0,0,0,0,0,0,0,0,0,0,0,0,0,0,16,6,6,0,0,4
map,yukina-tsugaru,津軽 (Tsugaru),ahkimn,Yukina-,https://subwaybuildermodded.com/credits,ahkimn/subwaybuilder-jp-maps,subwaybuilder-jp-maps,32,0,0,0,0,0,0,0,0,0,0,0,0,0,0,0,0,0,0,0,0,0,0,0,0,0,4,4,4,3,2,1,2,3,1,0,0,1,6,1
mod,tathan-casino,TATHAN Casino,TathanDev,TathanDev,https://github.com/TathanDev,tathandev/tathancasino,TathanCasino,31,0,0,0,0,0,0,0,0,0,0,0,0,0,0,0,0,0,0,0,0,0,0,0,0,0,0,0,0,0,0,0,0,0,0,7,7,6,6,5
map,buffalo-ny,Buffalo,PSWBSF,Potato Spaghetti Water Balloon Space Federation,https://youtu.be/dQw4w9WgXcQ?t=0,pswbsf/buffalo-ny,buffalo-ny,24,0,0,0,0,0,0,0,0,0,0,0,0,0,0,0,0,0,0,0,0,0,0,0,0,0,0,0,0,0,0,0,0,0,0,5,2,3,4,10
map,pulau-pinang,Pulau Pinang,nzh0172,naz,https://github.com/nzh0172,nzh0172/sb-malaysia-map-pack-2,sb-malaysia-map-pack-2,21,0,0,0,0,0,0,0,0,0,0,0,0,0,0,0,0,0,0,0,0,0,0,0,0,0,0,0,0,0,0,0,0,8,4,0,3,1,3,2
map,yukina-nakadoori,中通り (Nakadōri),ahkimn,Yukina-,https://subwaybuildermodded.com/credits,ahkimn/subwaybuilder-jp-maps,subwaybuilder-jp-maps,20,0,0,0,0,0,0,0,0,0,0,0,0,0,0,0,0,0,0,0,0,0,0,0,0,0,3,2,3,1,2,1,1,1,1,0,0,2,3,0
map,gwangju-3,Gwangju (30km×30km),kimth9,kimth9,https://github.com/kimth9,kimth9/sb_korean_map_pack,sb_korean_map_pack,19,0,0,0,0,0,0,0,0,0,0,0,0,0,0,0,0,0,0,0,0,0,0,0,0,0,0,0,0,0,0,0,0,0,4,5,4,1,2,3
map,akron-oh,"Akron, OH",bean1322,bean1322,https://github.com/bean1322,bean1322/akron-oh-map,akron-oh-map,16,0,0,0,0,0,0,0,0,0,0,0,0,0,0,0,0,0,0,0,0,0,0,0,0,0,0,0,0,0,0,5,2,1,3,1,2,0,1,1
map,yukina-northern-kyushu,福北 (Fukuoka & Kitakyūshū),ahkimn,Yukina-,https://subwaybuildermodded.com/credits,ahkimn/subwaybuilder-jp-maps,subwaybuilder-jp-maps,15,0,0,0,0,0,0,0,0,0,0,0,0,0,0,0,0,0,0,0,0,0,0,0,0,0,0,0,0,0,0,0,0,0,0,0,0,3,6,6
map,johor-bahru,Johor Bahru,nzh0172,naz,https://github.com/nzh0172,nzh0172/sb-malaysia-map-pack-2,sb-malaysia-map-pack-2,14,0,0,0,0,0,0,0,0,0,0,0,0,0,0,0,0,0,0,0,0,0,0,0,0,0,0,0,0,0,0,0,0,6,3,0,3,1,1,0
map,daejeon-3,Daejeon (30km×30km),kimth9,kimth9,https://github.com/kimth9,kimth9/sb_korean_map_pack,sb_korean_map_pack,13,0,0,0,0,0,0,0,0,0,0,0,0,0,0,0,0,0,0,0,0,0,0,0,0,0,0,0,0,0,0,0,0,0,3,2,6,1,0,1
map,ipoh,Ipoh,nzh0172,naz,https://github.com/nzh0172,nzh0172/sb-malaysia-map-pack-2,sb-malaysia-map-pack-2,11,0,0,0,0,0,0,0,0,0,0,0,0,0,0,0,0,0,0,0,0,0,0,0,0,0,0,0,0,0,0,0,0,6,3,0,1,0,1,0
map,jeju-4,Jeju (40km×40km),kimth9,kimth9,https://github.com/kimth9,kimth9/sb_korean_map_pack,sb_korean_map_pack,11,0,0,0,0,0,0,0,0,0,0,0,0,0,0,0,0,0,0,0,0,0,0,0,0,0,0,0,0,0,0,0,0,0,7,2,2,0,0,0
map,toledo-oh,Toledo,bean1322,bean1322,https://github.com/bean1322,bean1322/toledo-oh-map.git,toledo-oh-map.git,11,0,0,0,0,0,0,0,0,0,0,0,0,0,0,0,0,0,0,0,0,0,0,0,0,0,0,0,0,0,0,0,0,0,0,0,5,4,2,0
map,ulsan-3,Ulsan (30km×30km),kimth9,kimth9,https://github.com/kimth9,kimth9/sb_korean_map_pack,sb_korean_map_pack,8,0,0,0,0,0,0,0,0,0,0,0,0,0,0,0,0,0,0,0,0,0,0,0,0,0,0,0,0,0,0,0,0,0,4,2,2,0,0,0
map,mfn-rdu,Raleigh,crumpetime,muffintime,https://github.com/crumpetime,crumpetime/sb-maps-rdu,sb-maps-rdu,6,0,0,0,0,0,0,0,0,0,0,0,0,0,0,0,0,0,0,0,0,0,0,0,0,0,0,0,0,0,0,0,0,0,0,0,0,0,2,4
map,saltillo,Saltillo,rslurry,slurry,https://github.com/rslurry,rslurry/subwaybuilder-maps,subwaybuilder-maps,4,0,0,0,0,0,0,0,0,0,0,0,0,0,0,0,0,0,0,0,0,0,0,0,0,0,0,0,0,0,0,0,0,0,0,0,0,4,0,0
map,yukina-kumamoto,熊本 (Kumamoto),ahkimn,Yukina-,https://subwaybuildermodded.com/credits,ahkimn/subwaybuilder-jp-maps,subwaybuilder-jp-maps,2,0,0,0,0,0,0,0,0,0,0,0,0,0,0,0,0,0,0,0,0,0,0,0,0,0,0,0,0,0,0,0,0,0,0,0,0,1,1,0
map,yukina-morioka,盛岡 (Morioka),ahkimn,Yukina-,https://subwaybuildermodded.com/credits,ahkimn/subwaybuilder-jp-maps,subwaybuilder-jp-maps,2,0,0,0,0,0,0,0,0,0,0,0,0,0,0,0,0,0,0,0,0,0,0,0,0,0,0,0,0,0,0,0,0,0,0,0,0,1,1,0
map,yukina-tottori,鳥取 (Tottori),ahkimn,Yukina-,https://subwaybuildermodded.com/credits,ahkimn/subwaybuilder-jp-maps,subwaybuilder-jp-maps,2,0,0,0,0,0,0,0,0,0,0,0,0,0,0,0,0,0,0,0,0,0,0,0,0,0,0,0,0,0,0,0,0,0,0,0,0,1,1,0
